<?xml version="1.0" ?>
<Layouts>
<!-- Autogenerated by makelayoutsxml.php from layouts.def - do not edit -->
	<Layout id="1">
		<Area id="0" X="0" Y="0" W="1" H="1" />
	</Layout>
	<Layout id="2">
		<Area id="0" X="0" Y="0" W="1" H="0.5" />
		<Area id="1" X="0" Y="0.5" W="1" H="0.5" />
	</Layout>
	<Layout id="3">
		<Area id="0" X="0" Y="0" W="0.5" H="0.5" />
		<Area id="1" X="0.5" Y="0" W="0.5" H="0.25" />
		<Area id="2" X="0.5" Y="0.25" W="0.5" H="0.25" />
		<Area id="3" X="0" Y="0.5" W="1" H="0.5" />
	</Layout>
	<Layout id="4">
		<Area id="0" X="0" Y="0" W="1" H="0.25" />
		<Area id="1" X="0" Y="0.25" W="0.33" H="0.25" />
		<Area id="2" X="0.33" Y="0.25" W="0.67" H="0.5" />
		<Area id="3" X="0" Y="0.5" W="0.33" H="0.25" />
		<Area id="4" X="0" Y="0.75" W="0.33" H="0.25" />
		<Area id="5" X="0.33" Y="0.75" W="0.33" H="0.25" />
		<Area id="6" X="0.66" Y="0.75" W="0.323" H="0.25" />
	</Layout>
</Layouts>
